{
  "tabnet_baseline": {
    "account_response_f1": 0.0729,
    "endpoint_response_f1": 0.0085,
    "remediation_macro_f1": 0.0407
  },
  "account_response": {
    "logistic_regression": {
      "f1": 0.12315930388219545,
      "precision": 0.0925553319919517,
      "recall": 0.184,
      "threshold": 0.7000000000000001,
      "predicted_positives": 497
    },
    "logistic_regression_default_thresh": {
      "f1": 0.10526315789473684,
      "precision": 0.05693717277486911,
      "recall": 0.696,
      "threshold": 0.5,
      "predicted_positives": 3056
    },
    "gradient_boosted_trees": {
      "f1": 0.15853658536585366,
      "precision": 0.12807881773399016,
      "recall": 0.208,
      "threshold": 0.7000000000000001,
      "predicted_positives": 406
    },
    "gbt_feature_importances": {
      "machine_entity_count": 0.2071,
      "unique_entity_types": 0.1867,
      "alert_count": 0.1713,
      "device_context_count": 0.1613,
      "dominant_category_code": 0.1019,
      "max_suspicion_score": 0.0641,
      "has_machine_entity": 0.0403,
      "max_verdict_score": 0.0266,
      "max_severity_score": 0.0149,
      "has_process_entity": 0.0143,
      "has_file_entity": 0.0066,
      "vm_resource_count": 0.005,
      "machine_entity_ratio": 0.0,
      "device_context_ratio": 0.0
    }
  },
  "endpoint_response": {
    "logistic_regression": {
      "f1": 0.058394160583941604,
      "precision": 0.03137254901960784,
      "recall": 0.42105263157894735,
      "threshold": 0.8,
      "predicted_positives": 255
    },
    "logistic_regression_default_thresh": {
      "f1": 0.012456208641494744,
      "precision": 0.006274509803921568,
      "recall": 0.8421052631578947,
      "threshold": 0.5,
      "predicted_positives": 2550
    },
    "gradient_boosted_trees": {
      "f1": 0.04,
      "precision": 0.03225806451612903,
      "recall": 0.05263157894736842,
      "threshold": 0.9000000000000001,
      "predicted_positives": 31
    },
    "gbt_feature_importances": {
      "has_machine_entity": 0.2663,
      "max_suspicion_score": 0.2024,
      "dominant_category_code": 0.1485,
      "unique_entity_types": 0.1173,
      "has_process_entity": 0.0914,
      "device_context_count": 0.0529,
      "alert_count": 0.0427,
      "machine_entity_count": 0.0349,
      "max_verdict_score": 0.0202,
      "has_file_entity": 0.0114,
      "max_severity_score": 0.0097,
      "vm_resource_count": 0.0024,
      "machine_entity_ratio": 0.0,
      "device_context_ratio": 0.0
    }
  },
  "summary": {
    "logistic_regression": {
      "account_response_f1": 0.12315930388219545,
      "endpoint_response_f1": 0.058394160583941604,
      "remediation_macro_f1": 0.09077673223306854
    },
    "gradient_boosted_trees": {
      "account_response_f1": 0.15853658536585366,
      "endpoint_response_f1": 0.04,
      "remediation_macro_f1": 0.09926829268292683
    }
  }
}