{
  "macro_f1": 0.912487558274142,
  "per_class_metrics": {
    "Class_0": {
      "precision": 0.85002895193978,
      "recall": 0.9075734157650696,
      "f1": 0.8778591717745552,
      "support": 3235
    },
    "Class_1": {
      "precision": 0.9313893653516295,
      "recall": 0.9254725751471955,
      "f1": 0.9284215434833294,
      "support": 6454
    },
    "Class_2": {
      "precision": 0.9475766567754699,
      "recall": 0.9153449264284349,
      "f1": 0.9311819595645412,
      "support": 5233
    }
  },
  "confusion_matrix": [
    [
      2936,
      193,
      106
    ],
    [
      322,
      5973,
      159
    ],
    [
      196,
      247,
      4790
    ]
  ],
  "overall_accuracy": 0.9180404771478354
}