{
  "macro_f1": 0.9132110177889553,
  "per_class_metrics": {
    "Class_0": {
      "precision": 0.8498126261170366,
      "recall": 0.9112828438948996,
      "f1": 0.8794749403341289,
      "support": 3235
    },
    "Class_1": {
      "precision": 0.930825431369501,
      "recall": 0.9277967152153703,
      "f1": 0.9293086055715062,
      "support": 6454
    },
    "Class_2": {
      "precision": 0.950597609561753,
      "recall": 0.9119052168927957,
      "f1": 0.9308495074612309,
      "support": 5233
    }
  },
  "confusion_matrix": [
    [
      2948,
      192,
      95
    ],
    [
      313,
      5988,
      153
    ],
    [
      208,
      253,
      4772
    ]
  ],
  "overall_accuracy": 0.9186436134566413
}