{
  "macro_f1": 0.9175468332478579,
  "per_class_metrics": {
    "Class_0": {
      "precision": 0.85977212971078,
      "recall": 0.9097372488408038,
      "f1": 0.8840492640432562,
      "support": 3235
    },
    "Class_1": {
      "precision": 0.9352867439674083,
      "recall": 0.924852804462349,
      "f1": 0.9300405110626363,
      "support": 6454
    },
    "Class_2": {
      "precision": 0.9491889779167481,
      "recall": 0.9281482896999809,
      "f1": 0.9385507246376812,
      "support": 5233
    }
  },
  "confusion_matrix": [
    [
      2943,
      195,
      97
    ],
    [
      322,
      5969,
      163
    ],
    [
      158,
      218,
      4857
    ]
  ],
  "overall_accuracy": 0.922731537327436
}