{
  "macro_f1": 0.7833859002721623,
  "per_class_metrics": {
    "Class_0": {
      "precision": 0.6412887828162291,
      "recall": 0.8306027820710974,
      "f1": 0.7237710437710437,
      "support": 3235
    },
    "Class_1": {
      "precision": 0.8253197344989477,
      "recall": 0.7898977378370003,
      "f1": 0.8072203309318344,
      "support": 6454
    },
    "Class_2": {
      "precision": 0.8801317233809001,
      "recall": 0.7660997515765335,
      "f1": 0.8191663261136085,
      "support": 5233
    }
  },
  "confusion_matrix": [
    [
      2687,
      417,
      131
    ],
    [
      941,
      5098,
      415
    ],
    [
      562,
      662,
      4009
    ]
  ],
  "overall_accuracy": 0.7903766251172765
}