{
  "macro_f1": 0.8848277611977616,
  "per_class_metrics": {
    "Class_0": {
      "precision": 0.9118486795146324,
      "recall": 0.7897990726429676,
      "f1": 0.8464469107172437,
      "support": 3235
    },
    "Class_1": {
      "precision": 0.8549714126342212,
      "recall": 0.9499535171986365,
      "f1": 0.8999633027522935,
      "support": 6454
    },
    "Class_2": {
      "precision": 0.9341281066882199,
      "recall": 0.8834320657366711,
      "f1": 0.9080730701237478,
      "support": 5233
    }
  },
  "confusion_matrix": [
    [
      2555,
      520,
      160
    ],
    [
      157,
      6131,
      166
    ],
    [
      90,
      520,
      4623
    ]
  ],
  "overall_accuracy": 0.8919045704329178
}