{
  "xgboost": {
    "macro_f1": 0.8848277611977616,
    "overall_accuracy": 0.8919045704329178
  },
  "tabnet": {
    "macro_f1": 0.7833859002721623,
    "overall_accuracy": 0.7903766251172765
  },
  "winner_by_macro_f1": "xgboost"
}